Ref,Val,Package,PosX,PosY,Rot,Side
"PowerLED0","LED 0402","LED_0402_1005Metric",161.900000,-8.900000,270.000000,top
"PowerLedResistor0","1K Resistor 0402","R_0402_1005Metric",163.250000,-8.900000,270.000000,top
"RESISTOR0","5.1kohm 0402","R_0402_1005Metric",164.600000,-8.900000,270.000000,top
"RESISTOR1","5.1kohm 0402","R_0402_1005Metric",165.950000,-8.900000,270.000000,top
"SW-RST0","B3U-1000","SW_SPST_B3U-1000P",163.000000,-1.700000,180.000000,top
"USB1","HRO-TYPE-C-31-M-12","HRO-TYPE-C-31-M-12",174.300000,0.050000,180.000000,top
