Designator,Mid X,Mid Y,Layer,Rotation
J0,212.200000mm,-63.310000mm,Top,180
PowerLED0,199.505000mm,-66.590000mm,Top,270
PowerLedResistor0,202.125000mm,-66.590000mm,Top,270
RESISTOR0,204.325000mm,-66.590000mm,Top,270
RESISTOR1,205.685000mm,-66.590000mm,Top,270
SW-RST0,201.475000mm,-61.460000mm,Top,0
