Designator,Mid X,Mid Y,Layer,Rotation
J0,212.200000mm,-63.310000mm,Top,180
PowerLED0,200.175000mm,-66.590000mm,Top,0
PowerLedResistor0,202.937500mm,-66.590000mm,Top,270
RESISTOR0,204.325000mm,-66.590000mm,Top,270
RESISTOR1,205.685000mm,-66.590000mm,Top,270
SW-RST0,200.737500mm,-61.425000mm,Top,180
