Designator,Mid X,Mid Y,Layer,Rotation
PowerLED0,199.825000mm,-68.585000mm,Top,270
PowerLedResistor0,201.175000mm,-68.585000mm,Top,270
RESISTOR0,202.525000mm,-68.585000mm,Top,270
RESISTOR1,203.875000mm,-68.585000mm,Top,270
SW-RST0,200.925000mm,-61.385000mm,Top,180
USB1,212.225000mm,-59.635000mm,Top,180
