Designator,Mid X,Mid Y,Layer,Rotation
J0,310.000000mm,-109.050000mm,Top,180
PowerLED0,297.305000mm,-112.330000mm,Top,270
PowerLedResistor0,299.925000mm,-112.330000mm,Top,270
RESISTOR0,302.125000mm,-112.330000mm,Top,270
RESISTOR1,303.485000mm,-112.330000mm,Top,270
SW-RST0,299.275000mm,-107.200000mm,Top,0
