Designator,Mid X,Mid Y,Layer,Rotation
J1,308.525000mm,-109.200000mm,Top,180
PowerLED1,295.830000mm,-112.480000mm,Top,270
PowerLedResistor1,298.450000mm,-112.480000mm,Top,270
RESISTOR1,300.650000mm,-112.480000mm,Top,270
RESISTOR2,302.010000mm,-112.480000mm,Top,270
