Designator,Mid X,Mid Y,Layer,Rotation
J0,308.525000mm,-109.200000mm,Top,180
PowerLED0,295.830000mm,-112.480000mm,Top,270
PowerLedResistor0,298.450000mm,-112.480000mm,Top,270
RESISTOR0,300.650000mm,-112.480000mm,Top,270
RESISTOR1,302.010000mm,-112.480000mm,Top,270
